Id,Gross,Net,Tax
1,652,469.5472,182.4528
2,418,284.24,133.76
3,2202,1447.0857,754.9142999999999
4,1104,938.4,165.6
5,1797.4499999999998,1200.3102,597.1397999999999
